"Arquivo","Linha","CodigoTS","Categoria","Severidade","DescricaoResumida","Modulo","IsTeste"
"src/activities/activities.service.spec.ts","30","TS2554","CAT-6","🟢 Teste","Expected 3 arguments, but got 2.","activities","True"
"src/admin/services/cache-refresh.service.spec.ts","65","TS2769","CAT-6","🟢 Teste","No overload matches this call.","admin","True"
"src/ai/ai.service.spec.ts","63","TS2554","CAT-6","🟢 Teste","Expected 20 arguments, but got 19.","ai","True"
"src/ai/openai-request.util.spec.ts","19","TS2322","CAT-6","🟢 Teste","Type 'Mock<Promise<unknown>, [_name: string, fn: () => Promise<unknown>], unknown>' is not assignable to type 'MockInstance<Promise<unknown>, [integrationName: string, fn: () => Promise<unknown>, opts?: IntegrationResilienceOptions | undefined], unknown> & (<T>(integrationName: string, fn: () => Promise<...>, opts?: IntegrationResilienceOptions | undefined) => Promise<...>)'.","ai","True"
"src/ai/openai-request.util.spec.ts","63","TS2740","CAT-6","🟢 Teste","Type 'Mocked<Pick<IntegrationResilienceService, ""execute"">>' is missing the following properties from type 'IntegrationResilienceService': logger, configService, circuitBreaker, retryService, and 2 more.","ai","True"
"src/ai/openai-request.util.spec.ts","64","TS2740","CAT-6","🟢 Teste","Type 'Mocked<Pick<OpenAiCircuitBreakerService, ""assertRequestAllowed"" | ""recordSuccess"" | ""recordFailure"" | ""isCountableFailureStatus"" | ""isCountableFailureError"">>' is missing the following properties from type 'OpenAiCircuitBreakerService': logger, redis, metricsService, getState, and 10 more.","ai","True"
"src/ai/openai-request.util.spec.ts","115","TS2740","CAT-6","🟢 Teste","Type 'Mocked<Pick<IntegrationResilienceService, ""execute"">>' is missing the following properties from type 'IntegrationResilienceService': logger, configService, circuitBreaker, retryService, and 2 more.","ai","True"
"src/ai/openai-request.util.spec.ts","116","TS2740","CAT-6","🟢 Teste","Type 'Mocked<Pick<OpenAiCircuitBreakerService, ""assertRequestAllowed"" | ""recordSuccess"" | ""recordFailure"" | ""isCountableFailureStatus"" | ""isCountableFailureError"">>' is missing the following properties from type 'OpenAiCircuitBreakerService': logger, redis, metricsService, getState, and 10 more.","ai","True"
"src/ai/openai-request.util.spec.ts","147","TS2740","CAT-6","🟢 Teste","Type 'Mocked<Pick<IntegrationResilienceService, ""execute"">>' is missing the following properties from type 'IntegrationResilienceService': logger, configService, circuitBreaker, retryService, and 2 more.","ai","True"
"src/ai/openai-request.util.spec.ts","148","TS2740","CAT-6","🟢 Teste","Type 'Mocked<Pick<OpenAiCircuitBreakerService, ""assertRequestAllowed"" | ""recordSuccess"" | ""recordFailure"" | ""isCountableFailureStatus"" | ""isCountableFailureError"">>' is missing the following properties from type 'OpenAiCircuitBreakerService': logger, redis, metricsService, getState, and 10 more.","ai","True"
"src/ai/openai-request.util.spec.ts","170","TS2740","CAT-6","🟢 Teste","Type 'Mocked<Pick<IntegrationResilienceService, ""execute"">>' is missing the following properties from type 'IntegrationResilienceService': logger, configService, circuitBreaker, retryService, and 2 more.","ai","True"
"src/ai/openai-request.util.spec.ts","171","TS2740","CAT-6","🟢 Teste","Type 'Mocked<Pick<OpenAiCircuitBreakerService, ""assertRequestAllowed"" | ""recordSuccess"" | ""recordFailure"" | ""isCountableFailureStatus"" | ""isCountableFailureError"">>' is missing the following properties from type 'OpenAiCircuitBreakerService': logger, redis, metricsService, getState, and 10 more.","ai","True"
"src/app.controller.spec.ts","51","TS2740","CAT-6","🟢 Teste","Type 'RedisClientMock' is missing the following properties from type 'Redis': options, status, stream, isCluster, and 387 more.","app.controller.spec.ts","True"
"src/app.controller.spec.ts","73","TS2540","CAT-6","🟢 Teste","Cannot assign to 'isInitialized' because it is a read-only property.","app.controller.spec.ts","True"
"src/aprs/apr-lock.integration.spec.ts","281","TS2322","CAT-6","🟢 Teste","Type '<T = unknown>(_sql: string, params: unknown[] | undefined) => Promise<unknown[]>' is not assignable to type '<T = unknown>(sql: string, params?: unknown[] | undefined) => Promise<T[]>'.","aprs","True"
"src/aprs/aprs.service.spec.ts","77","TS2353","CAT-6","🟢 Teste","Object literal may only specify known properties, and 'getRepository' does not exist in type '{ transaction: Mock<any, any, any>; }'.","aprs","True"
"src/aprs/aprs.service.spec.ts","167","TS2322","CAT-6","🟢 Teste","Type 'Mock<Promise<{ user_id: string; }[]>, [], any>' is not assignable to type '(document_id: string, document_type: string) => Promise<Signature[]>'.","aprs","True"
"src/aprs/aprs.service.spec.ts","228","TS2322","CAT-6","🟢 Teste","Type 'Mock<Buffer<ArrayBuffer>, [], any>' is not assignable to type '() => Promise<Buffer<ArrayBufferLike>>'.","aprs","True"
"src/aprs/aprs.service.spec.ts","229","TS2322","CAT-6","🟢 Teste","Type 'Mock<Buffer<ArrayBuffer>, [], any>' is not assignable to type '(apr: Apr) => Promise<Buffer<ArrayBufferLike>>'.","aprs","True"
"src/aprs/aprs.service.spec.ts","232","TS2322","CAT-6","🟢 Teste","Type 'Mock<Promise<undefined>, [], any>' is not assignable to type '(input: AppendForensicTrailEventInput, options?: { manager?: EntityManager | undefined; } | undefined) => Promise<ForensicTrailEvent>'.","aprs","True"
"src/aprs/aprs.service.spec.ts","307","TS2345","CAT-6","🟢 Teste","Argument of type 'undefined' is not assignable to parameter of type 'never'.","aprs","True"
"src/aprs/aprs.service.spec.ts","310","TS2345","CAT-6","🟢 Teste","Argument of type 'undefined' is not assignable to parameter of type 'never'.","aprs","True"
"src/aprs/aprs.service.spec.ts","313","TS2345","CAT-6","🟢 Teste","Argument of type 'undefined' is not assignable to parameter of type 'never'.","aprs","True"
"src/aprs/aprs.service.spec.ts","519","TS2722","CAT-6","🟢 Teste","Cannot invoke an object which is possibly 'undefined'.","aprs","True"
"src/aprs/aprs.service.spec.ts","519","TS2345","CAT-6","🟢 Teste","Argument of type '{ getRepository: jest.Mock<{ update: jest.Mock<any, any, any>; }, [], any>; }' is not assignable to parameter of type 'EntityManager'.","aprs","True"
"src/aprs/aprs.service.spec.ts","688","TS2352","CAT-6","🟢 Teste","Conversion of type '{ id: string; company_id: string; status: AprStatus.PENDENTE; pdf_file_key: null; }' to type 'Apr' may be a mistake because neither type sufficiently overlaps with the other. If this was intentional, convert the expression to 'unknown' first.","aprs","True"
"src/aprs/aprs.service.spec.ts","702","TS2722","CAT-6","🟢 Teste","Cannot invoke an object which is possibly 'undefined'.","aprs","True"
"src/aprs/aprs.service.spec.ts","702","TS2345","CAT-6","🟢 Teste","Argument of type '{ getRepository: jest.Mock<{ softDelete: jest.Mock<any, any, any>; }, [], any>; }' is not assignable to parameter of type 'EntityManager'.","aprs","True"
"src/aprs/aprs.service.spec.ts","1065","TS2352","CAT-6","🟢 Teste","Conversion of type '{ id: string; company_id: string; pdf_file_key: null; pdf_folder_path: null; pdf_original_name: null; }' to type 'Apr' may be a mistake because neither type sufficiently overlaps with the other. If this was intentional, convert the expression to 'unknown' first.","aprs","True"
"src/aprs/aprs.service.spec.ts","1152","TS2352","CAT-6","🟢 Teste","Conversion of type '{ id: string; company_id: string; elaborador_id: string; status: AprStatus.PENDENTE; pdf_file_key: null; }' to type 'Apr' may be a mistake because neither type sufficiently overlaps with the other. If this was intentional, convert the expression to 'unknown' first.","aprs","True"
"src/aprs/services/aprs-evidence.service.spec.ts","62","TS2352","CAT-6","🟢 Teste","Conversion of type '{ id: string; company_id: string; status: AprStatus.PENDENTE; pdf_file_key: null; elaborador_id: string; participants: never[]; }' to type 'Apr' may be a mistake because neither type sufficiently overlaps with the other. If this was intentional, convert the expression to 'unknown' first.","aprs","True"
"src/aprs/services/aprs-pdf.service.spec.ts","81","TS2322","CAT-6","🟢 Teste","Type 'Mock<Promise<void | undefined>, [input: RegisterFinalDocumentInput], any>' is not assignable to type '(input: RegisterFinalDocumentInput) => Promise<{ hash: string; registryEntry: DocumentRegistryEntry; }>'.","aprs","True"
"src/aprs/services/aprs-pdf.service.spec.ts","90","TS2322","CAT-6","🟢 Teste","Type 'Mock<Promise<{ user_id: string; }[]>, [], any>' is not assignable to type '(document_id: string, document_type: string) => Promise<Signature[]>'.","aprs","True"
"src/aprs/services/aprs-pdf.service.spec.ts","178","TS2352","CAT-6","🟢 Teste","Conversion of type '{ id: string; company_id: string; pdf_file_key: null; pdf_folder_path: null; pdf_original_name: null; }' to type 'Apr' may be a mistake because neither type sufficiently overlaps with the other. If this was intentional, convert the expression to 'unknown' first.","aprs","True"
"src/audits/audits.service.spec.ts","85","TS2722","CAT-6","🟢 Teste","Cannot invoke an object which is possibly 'undefined'.","audits","True"
"src/audits/audits.service.spec.ts","85","TS2345","CAT-6","🟢 Teste","Argument of type '{ getRepository: jest.Mock<{ update: jest.Mock<any, any, any>; }, [], any>; }' is not assignable to parameter of type 'EntityManager'.","audits","True"
"src/audits/audits.service.spec.ts","133","TS2345","CAT-6","🟢 Teste","Argument of type '{ titulo: string; }' is not assignable to parameter of type 'UpdateAuditDto'.","audits","True"
"src/audits/audits.service.spec.ts","175","TS2722","CAT-6","🟢 Teste","Cannot invoke an object which is possibly 'undefined'.","audits","True"
"src/audits/audits.service.spec.ts","175","TS2345","CAT-6","🟢 Teste","Argument of type '{ getRepository: jest.Mock<{ softDelete: jest.Mock<any, any, any>; }, [], any>; }' is not assignable to parameter of type 'EntityManager'.","audits","True"
"src/audits/audits.service.spec.ts","221","TS2352","CAT-6","🟢 Teste","Conversion of type '{ id: string; company_id: string; pdf_file_key: null; pdf_folder_path: null; pdf_original_name: null; }' to type 'Audit' may be a mistake because neither type sufficiently overlaps with the other. If this was intentional, convert the expression to 'unknown' first.","audits","True"
"src/auth/auth.controller.spec.ts","203","TS2345","CAT-6","🟢 Teste","Argument of type 'MockResponse' is not assignable to parameter of type 'Response<any, Record<string, any>>'.","auth","True"
"src/auth/auth.controller.spec.ts","223","TS2345","CAT-6","🟢 Teste","Argument of type 'MockResponse' is not assignable to parameter of type 'Response<any, Record<string, any>>'.","auth","True"
"src/auth/auth.controller.spec.ts","243","TS2345","CAT-6","🟢 Teste","Argument of type 'MockResponse' is not assignable to parameter of type 'Response<any, Record<string, any>>'.","auth","True"
"src/auth/auth.controller.spec.ts","268","TS2345","CAT-6","🟢 Teste","Argument of type 'MockResponse' is not assignable to parameter of type 'Response<any, Record<string, any>>'.","auth","True"
"src/auth/auth.controller.spec.ts","308","TS2345","CAT-6","🟢 Teste","Argument of type 'MockResponse' is not assignable to parameter of type 'Response<any, Record<string, any>>'.","auth","True"
"src/auth/auth.controller.spec.ts","341","TS2345","CAT-6","🟢 Teste","Argument of type 'MockResponse' is not assignable to parameter of type 'Response<any, Record<string, any>>'.","auth","True"
"src/auth/auth.controller.spec.ts","363","TS2345","CAT-6","🟢 Teste","Argument of type '{ user: { userId: string; profile: { nome: string; }; jti: string; }; }' is not assignable to parameter of type 'AuthenticatedRequest'.","auth","True"
"src/auth/auth.controller.spec.ts","394","TS2345","CAT-6","🟢 Teste","Argument of type '{ user: { userId: string; profile: { nome: string; }; }; }' is not assignable to parameter of type 'AuthenticatedRequest'.","auth","True"
"src/auth/auth.controller.spec.ts","434","TS2345","CAT-6","🟢 Teste","Argument of type 'MockResponse' is not assignable to parameter of type 'Response<any, Record<string, any>>'.","auth","True"
"src/auth/auth.controller.spec.ts","477","TS2345","CAT-6","🟢 Teste","Argument of type 'MockResponse' is not assignable to parameter of type 'Response<any, Record<string, any>>'.","auth","True"
"src/auth/jwt-auth.guard.spec.ts","9","TS2554","CAT-6","🟢 Teste","Expected 1 arguments, but got 0.","auth","True"
"src/auth/services/mfa.service.spec.ts","36","TS7053","CAT-6","🟢 Teste","Element implicitly has an 'any' type because expression of type 'string' can't be used to index type '{ MFA_ENABLED: string; JWT_SECRET: string; }'.","auth","True"
"src/checklists/checklists.service.spec.ts","128","TS2322","CAT-6","🟢 Teste","Type 'Mock<Promise<{ id: string; user_id: string; signature_data: string; created_at: string; user: { nome: string; }; }[]>, [], any>' is not assignable to type '(document_id: string, document_type: string) => Promise<Signature[]>'.","checklists","True"
"src/checklists/checklists.service.spec.ts","142","TS2322","CAT-6","🟢 Teste","Type 'Mock<Promise<{ id: string; company_id: string; }>, [id: string], any>' is not assignable to type '(id: string) => Promise<UserResponseDto>'.","checklists","True"
"src/checklists/checklists.service.spec.ts","150","TS2322","CAT-6","🟢 Teste","Type 'Mock<Promise<{ id: string; company_id: string; }>, [id: string], any>' is not assignable to type '(id: string) => Promise<Site>'.","checklists","True"
"src/checklists/checklists.service.spec.ts","168","TS2554","CAT-6","🟢 Teste","Expected 16 arguments, but got 15.","checklists","True"
"src/checklists/checklists.service.spec.ts","216","TS2352","CAT-6","🟢 Teste","Conversion of type '{ id: string; company_id: string; titulo: string; data: Date; site_id: string; inspetor_id: string; is_modelo: false; pdf_file_key: null; }' to type 'Checklist' may be a mistake because neither type sufficiently overlaps with the other. If this was intentional, convert the expression to 'unknown' first.","checklists","True"
"src/checklists/checklists.service.spec.ts","237","TS2722","CAT-6","🟢 Teste","Cannot invoke an object which is possibly 'undefined'.","checklists","True"
"src/checklists/checklists.service.spec.ts","237","TS2554","CAT-6","🟢 Teste","Expected 2 arguments, but got 1.","checklists","True"
"src/checklists/checklists.service.spec.ts","276","TS2352","CAT-6","🟢 Teste","Conversion of type '{ id: string; company_id: string; titulo: string; data: Date; site_id: string; inspetor_id: string; is_modelo: false; pdf_file_key: null; created_at: Date; }' to type 'Checklist' may be a mistake because neither type sufficiently overlaps with the other. If this was intentional, convert the expression to 'unknown' first.","checklists","True"
"src/checklists/checklists.service.spec.ts","295","TS2722","CAT-6","🟢 Teste","Cannot invoke an object which is possibly 'undefined'.","checklists","True"
"src/checklists/checklists.service.spec.ts","295","TS2554","CAT-6","🟢 Teste","Expected 2 arguments, but got 1.","checklists","True"
"src/checklists/checklists.service.spec.ts","351","TS2722","CAT-6","🟢 Teste","Cannot invoke an object which is possibly 'undefined'.","checklists","True"
"src/checklists/checklists.service.spec.ts","351","TS2345","CAT-6","🟢 Teste","Argument of type '{ getRepository: jest.Mock<{ softDelete: jest.Mock<any, any, any>; }, [], any>; }' is not assignable to parameter of type 'EntityManager'.","checklists","True"
"src/checklists/checklists.service.spec.ts","367","TS2352","CAT-6","🟢 Teste","Conversion of type '{ id: string; company_id: string; titulo: string; data: Date; site_id: string; inspetor_id: string; is_modelo: false; pdf_file_key: null; }' to type 'Checklist' may be a mistake because neither type sufficiently overlaps with the other. If this was intentional, convert the expression to 'unknown' first.","checklists","True"
"src/checklists/checklists.service.spec.ts","395","TS2352","CAT-6","🟢 Teste","Conversion of type '{ id: string; company_id: string; titulo: string; data: Date; site_id: string; inspetor_id: string; is_modelo: false; pdf_file_key: null; }' to type 'Checklist' may be a mistake because neither type sufficiently overlaps with the other. If this was intentional, convert the expression to 'unknown' first.","checklists","True"
"src/checklists/checklists.service.spec.ts","435","TS2352","CAT-6","🟢 Teste","Conversion of type '{ titulo: string; data: string; company_id: string; itens: never[]; is_modelo: false; }' to type 'CreateChecklistDto' may be a mistake because neither type sufficiently overlaps with the other. If this was intentional, convert the expression to 'unknown' first.","checklists","True"
"src/checklists/checklists.service.spec.ts","811","TS2352","CAT-6","🟢 Teste","Conversion of type 'ChecklistItemDto[]' to type 'Record<string, unknown>[]' may be a mistake because neither type sufficiently overlaps with the other. If this was intentional, convert the expression to 'unknown' first.","checklists","True"
"src/checklists/checklists.service.spec.ts","1610","TS2554","CAT-6","🟢 Teste","Expected 16 arguments, but got 15.","checklists","True"
"src/checklists/checklists.service.spec.ts","1679","TS2352","CAT-6","🟢 Teste","Conversion of type '{ id: string; titulo: string; company_id: string; data: Date; pdf_file_key: null; }' to type 'Checklist' may be a mistake because neither type sufficiently overlaps with the other. If this was intentional, convert the expression to 'unknown' first.","checklists","True"
"src/common/database/database-connection.manager.spec.ts","63","TS2322","CAT-6","🟢 Teste","Type '{ connect: jest.Mock<any, any, any>; query: jest.Mock<any, any, any>; release: jest.Mock<any, any, any>; }' is not assignable to type 'QueryRunnerMock'.","common","True"
"src/common/database/database-connection.manager.spec.ts","122","TS2322","CAT-6","🟢 Teste","Type '{ connect: jest.Mock<any, any, any>; query: jest.Mock<any, any, any>; release: jest.Mock<any, any, any>; }' is not assignable to type 'QueryRunnerMock'.","common","True"
"src/common/database/migration-startup.guard.spec.ts","93","TS2740","CAT-6","🟢 Teste","Type '{ name: string; }' is missing the following properties from type 'Function': apply, call, bind, prototype, and 4 more.","common","True"
"src/common/guards/advanced-throttler.guard.spec.ts","7","TS2345","CAT-6","🟢 Teste","Argument of type '{}' is not assignable to parameter of type 'ThrottlerModuleOptions'.","common","True"
"src/common/redis/redis.provider.p1.spec.ts","51","TS2339","CAT-6","🟢 Teste","Property 'provide' does not exist on type 'Provider'.","common","True"
"src/common/redis/redis.provider.p1.spec.ts","55","TS2339","CAT-6","🟢 Teste","Property 'provide' does not exist on type 'Provider'.","common","True"
"src/common/redis/redis.provider.p1.spec.ts","59","TS2339","CAT-6","🟢 Teste","Property 'provide' does not exist on type 'Provider'.","common","True"
"src/common/redis/redis.provider.p1.spec.ts","63","TS2339","CAT-6","🟢 Teste","Property 'provide' does not exist on type 'Provider'.","common","True"
"src/common/redis/redis.provider.p1.spec.ts","67","TS2339","CAT-6","🟢 Teste","Property 'useFactory' does not exist on type 'Provider'.","common","True"
"src/common/redis/redis.provider.p1.spec.ts","68","TS2339","CAT-6","🟢 Teste","Property 'useFactory' does not exist on type 'Provider'.","common","True"
"src/common/redis/redis.provider.p1.spec.ts","69","TS2339","CAT-6","🟢 Teste","Property 'useFactory' does not exist on type 'Provider'.","common","True"
"src/common/redis/redis.provider.p1.spec.ts","70","TS2339","CAT-6","🟢 Teste","Property 'useFactory' does not exist on type 'Provider'.","common","True"
"src/common/services/pdf.service.spec.ts","37","TS2352","CAT-6","🟢 Teste","Conversion of type '{ upsert: MockedFunction<(entityOrEntities: _QueryDeepPartialEntity<PdfIntegrityRecord> | _QueryDeepPartialEntity<PdfIntegrityRecord>[], conflictPathsOrOptions: string[] | UpsertOptions<...>) => Promise<...>>; findOne: MockedFunction<...>; }' to type 'Repository<PdfIntegrityRecord>' may be a mistake because neither type sufficiently overlaps with the other. If this was intentional, convert the expression to 'unknown' first.","common","True"
"src/common/services/pdf.service.spec.ts","38","TS2352","CAT-6","🟢 Teste","Conversion of type '{ findOne: MockedFunction<(options: FindOneOptions<DocumentRegistryEntry>) => Promise<DocumentRegistryEntry | null>>; }' to type 'Repository<DocumentRegistryEntry>' may be a mistake because neither type sufficiently overlaps with the other. If this was intentional, convert the expression to 'unknown' first.","common","True"
"src/common/services/storage.service.spec.ts","49","TS2352","CAT-6","🟢 Teste","Conversion of type 'typeof PutObjectCommand' to type 'Mock<any, any, any>' may be a mistake because neither type sufficiently overlaps with the other. If this was intentional, convert the expression to 'unknown' first.","common","True"
"src/common/services/storage.service.spec.ts","50","TS2352","CAT-6","🟢 Teste","Conversion of type 'typeof GetObjectCommand' to type 'Mock<any, any, any>' may be a mistake because neither type sufficiently overlaps with the other. If this was intentional, convert the expression to 'unknown' first.","common","True"
"src/common/services/storage.service.spec.ts","51","TS2352","CAT-6","🟢 Teste","Conversion of type 'typeof DeleteObjectCommand' to type 'Mock<any, any, any>' may be a mistake because neither type sufficiently overlaps with the other. If this was intentional, convert the expression to 'unknown' first.","common","True"
"src/common/throttler/resilient-throttler.interceptor.spec.ts","90","TS2339","CAT-6","🟢 Teste","Property 'authPrincipal' does not exist on type '{ path: string; url: string; headers: {}; connection: { remoteAddress: string; }; }'.","common","True"
"src/corrective-actions/corrective-actions.service.spec.ts","74","TS2352","CAT-6","🟢 Teste","Conversion of type '{ create: jest.Mock<Partial<CorrectiveAction>, [dto: Partial<CorrectiveAction>], any>; save: jest.Mock<Promise<CorrectiveAction>, [entity: ...], any>; }' to type 'Partial<Repository<CorrectiveAction>>' may be a mistake because neither type sufficiently overlaps with the other. If this was intentional, convert the expression to 'unknown' first.","corrective-actions","True"
"src/corrective-actions/corrective-actions.service.spec.ts","80","TS2345","CAT-6","🟢 Teste","Argument of type '{ title: string; priority: ""high""; }' is not assignable to parameter of type 'CreateCorrectiveActionDto'.","corrective-actions","True"
"src/corrective-actions/corrective-actions.service.spec.ts","98","TS2322","CAT-6","🟢 Teste","Type '{ create: jest.Mock<Partial<CorrectiveAction>, [dto: Partial<CorrectiveAction>], any>; save: jest.Mock<Promise<CorrectiveAction>, [entity: ...], any>; }' is not assignable to type 'Partial<Repository<CorrectiveAction>>'.","corrective-actions","True"
"src/corrective-actions/corrective-actions.service.spec.ts","100","TS2345","CAT-6","🟢 Teste","Argument of type '{ title: string; }' is not assignable to parameter of type 'CreateCorrectiveActionDto'.","corrective-actions","True"
"src/corrective-actions/corrective-actions.service.spec.ts","115","TS2322","CAT-6","🟢 Teste","Type '{ create: jest.Mock<Partial<CorrectiveAction>, [dto: Partial<CorrectiveAction>], any>; save: jest.Mock<Promise<CorrectiveAction>, [entity: ...], any>; }' is not assignable to type 'Partial<Repository<CorrectiveAction>>'.","corrective-actions","True"
"src/corrective-actions/corrective-actions.service.spec.ts","117","TS2345","CAT-6","🟢 Teste","Argument of type '{ title: string; }' is not assignable to parameter of type 'CreateCorrectiveActionDto'.","corrective-actions","True"
"src/dashboard/dashboard-document-availability-snapshot.service.spec.ts","46","TS2345","CAT-6","🟢 Teste","Argument of type '{ hasRows: boolean; lastCheckedAt: Date; stale: boolean; }' is not assignable to parameter of type 'never'.","dashboard","True"
"src/dashboard/dashboard-document-availability-snapshot.service.spec.ts","53","TS2345","CAT-6","🟢 Teste","Argument of type 'true' is not assignable to parameter of type 'never'.","dashboard","True"
"src/dashboard/dashboard-document-availability-snapshot.service.spec.ts","71","TS2345","CAT-6","🟢 Teste","Argument of type '{ hasRows: boolean; lastCheckedAt: null; stale: boolean; }' is not assignable to parameter of type 'never'.","dashboard","True"
"src/dashboard/dashboard-document-availability-snapshot.service.spec.ts","78","TS2345","CAT-6","🟢 Teste","Argument of type 'true' is not assignable to parameter of type 'never'.","dashboard","True"
"src/dashboard/dashboard-document-availability-snapshot.service.spec.ts","81","TS2345","CAT-6","🟢 Teste","Argument of type 'true' is not assignable to parameter of type 'never'.","dashboard","True"
"src/dashboard/dashboard-document-availability-snapshot.service.spec.ts","99","TS2345","CAT-6","🟢 Teste","Argument of type '{ hasRows: boolean; lastCheckedAt: null; stale: boolean; }' is not assignable to parameter of type 'never'.","dashboard","True"
"src/dashboard/dashboard-document-availability-snapshot.service.spec.ts","106","TS2345","CAT-6","🟢 Teste","Argument of type 'false' is not assignable to parameter of type 'never'.","dashboard","True"
"src/dashboard/dashboard-document-availability-snapshot.service.spec.ts","109","TS2345","CAT-6","🟢 Teste","Argument of type 'false' is not assignable to parameter of type 'never'.","dashboard","True"
"src/dashboard/dashboard-document-availability-snapshot.service.spec.ts","125","TS2345","CAT-6","🟢 Teste","Argument of type '{ hasRows: boolean; lastCheckedAt: null; stale: boolean; }' is not assignable to parameter of type 'never'.","dashboard","True"
"src/dashboard/dashboard-document-availability-snapshot.service.spec.ts","132","TS2345","CAT-6","🟢 Teste","Argument of type 'false' is not assignable to parameter of type 'never'.","dashboard","True"
"src/dashboard/dashboard-document-availability-snapshot.service.spec.ts","135","TS2345","CAT-6","🟢 Teste","Argument of type 'undefined' is not assignable to parameter of type 'never'.","dashboard","True"
"src/dashboard/dashboard-optimization.smoke-spec.ts","241","TS18046","CAT-6","🟢 Teste","'result.leading' is of type 'unknown'.","dashboard","True"
"src/dashboard/dashboard-optimization.smoke-spec.ts","246","TS18046","CAT-6","🟢 Teste","'result.leading' is of type 'unknown'.","dashboard","True"
"src/dashboard/dashboard-pending-queue.service.spec.ts","46","TS2554","CAT-6","🟢 Teste","Expected 9 arguments, but got 8.","dashboard","True"
"src/dashboard/dashboard-pending-queue.service.spec.ts","425","TS2322","CAT-6","🟢 Teste","Type 'null' is not assignable to type 'string | undefined'.","dashboard","True"
"src/dds/dds.service.spec.ts","97","TS2353","CAT-6","🟢 Teste","Object literal may only specify known properties, and 'createQueryBuilder' does not exist in type '{ save: Mock<any, any, any>; update: Mock<any, any, any>; softDelete: Mock<any, any, any>; }'.","dds","True"
"src/dds/dds.service.spec.ts","168","TS2352","CAT-6","🟢 Teste","Conversion of type '{ getTenantId: jest.Mock<string, [], any>; }' to type 'TenantService' may be a mistake because neither type sufficiently overlaps with the other. If this was intentional, convert the expression to 'unknown' first.","dds","True"
"src/dds/dds.service.spec.ts","205","TS2722","CAT-6","🟢 Teste","Cannot invoke an object which is possibly 'undefined'.","dds","True"
"src/dds/dds.service.spec.ts","205","TS2345","CAT-6","🟢 Teste","Argument of type '{ getRepository: jest.Mock<{ update: jest.Mock<any, any, any>; }, [], any>; }' is not assignable to parameter of type 'EntityManager'.","dds","True"
"src/dds/dds.service.spec.ts","414","TS2722","CAT-6","🟢 Teste","Cannot invoke an object which is possibly 'undefined'.","dds","True"
"src/dds/dds.service.spec.ts","414","TS2345","CAT-6","🟢 Teste","Argument of type '{ getRepository: jest.Mock<{ softDelete: jest.Mock<any, any, any>; }, [], any>; }' is not assignable to parameter of type 'EntityManager'.","dds","True"
"src/dids/dids.service.spec.ts","76","TS2345","CAT-6","🟢 Teste","Argument of type '({ where }: FindOneOptions<Did>) => Did | null' is not assignable to parameter of type '(options: FindOneOptions<Did>) => Promise<Did | null>'.","dids","True"
"src/dids/dids.service.spec.ts","94","TS2554","CAT-6","🟢 Teste","Expected 2 arguments, but got 1.","dids","True"
"src/document-import/services/document-import.service.spec.ts","212","TS2339","CAT-6","🟢 Teste","Property 'jobId' does not exist on type '{ attempts?: number | undefined; timeout?: number | undefined; }'.","document-import","True"
"src/document-registry/document-governance.integration.spec.ts","292","TS2554","CAT-6","🟢 Teste","Expected 15-16 arguments, but got 13.","document-registry","True"
"src/document-registry/document-governance.integration.spec.ts","307","TS2554","CAT-6","🟢 Teste","Expected 6-8 arguments, but got 5.","document-registry","True"
"src/document-registry/document-governance.integration.spec.ts","320","TS2554","CAT-6","🟢 Teste","Expected 12-14 arguments, but got 11.","document-registry","True"
"src/document-registry/document-governance.service.spec.ts","28","TS2322","CAT-6","🟢 Teste","Type 'Mock<Promise<unknown>, [cb: (tx: EntityManager) => Promise<unknown>], any>' is not assignable to type '{ <T>(runInTransaction: (entityManager: EntityManager) => Promise<T>): Promise<T>; <T>(isolationLevel: IsolationLevel, runInTransaction: (entityManager: EntityManager) => Promise<...>): Promise<...>; }'.","document-registry","True"
"src/epi-assignments/epi-assignments.service.spec.ts","89","TS2345","CAT-6","🟢 Teste","Argument of type '{ epi_id: string; user_id: string; }' is not assignable to parameter of type 'CreateEpiAssignmentDto'.","epi-assignments","True"
"src/epi-assignments/epi-assignments.service.spec.ts","101","TS2345","CAT-6","🟢 Teste","Argument of type '{ epi_id: string; user_id: string; }' is not assignable to parameter of type 'CreateEpiAssignmentDto'.","epi-assignments","True"
"src/epi-assignments/epi-assignments.service.spec.ts","114","TS2322","CAT-6","🟢 Teste","Type 'Mock<EpiAssignment, [dto: DeepPartial<EpiAssignment>], any>' is not assignable to type '{ (): EpiAssignment; (entityLikeArray: DeepPartial<EpiAssignment>[]): EpiAssignment[]; (entityLike: DeepPartial<EpiAssignment>): EpiAssignment; }'.","epi-assignments","True"
"src/epi-assignments/epi-assignments.service.spec.ts","118","TS2322","CAT-6","🟢 Teste","Type 'Mock<Promise<EpiAssignment>, [entity: Partial<EpiAssignment>], any>' is not assignable to type '{ <T extends DeepPartial<EpiAssignment>>(entities: T[], options: SaveOptions & { reload: false; }): Promise<T[]>; <T extends DeepPartial<EpiAssignment>>(entities: T[], options?: SaveOptions | undefined): Promise<...>; <T extends DeepPartial<...>>(entity: T, options: SaveOptions & { ...; }): Promise<...>; <T extends ...'.","epi-assignments","True"
"src/epi-assignments/epi-assignments.service.spec.ts","149","TS2322","CAT-6","🟢 Teste","Type 'Mock<EpiAssignment, [dto: DeepPartial<EpiAssignment>], any>' is not assignable to type '{ (): EpiAssignment; (entityLikeArray: DeepPartial<EpiAssignment>[]): EpiAssignment[]; (entityLike: DeepPartial<EpiAssignment>): EpiAssignment; }'.","epi-assignments","True"
"src/epi-assignments/epi-assignments.service.spec.ts","153","TS2322","CAT-6","🟢 Teste","Type 'Mock<Promise<EpiAssignment>, [entity: Partial<EpiAssignment>], any>' is not assignable to type '{ <T extends DeepPartial<EpiAssignment>>(entities: T[], options: SaveOptions & { reload: false; }): Promise<T[]>; <T extends DeepPartial<EpiAssignment>>(entities: T[], options?: SaveOptions | undefined): Promise<...>; <T extends DeepPartial<...>>(entity: T, options: SaveOptions & { ...; }): Promise<...>; <T extends ...'.","epi-assignments","True"
"src/epi-assignments/epi-assignments.service.spec.ts","205","TS2345","CAT-6","🟢 Teste","Argument of type '{ epi_id: string; user_id: string; }' is not assignable to parameter of type 'CreateEpiAssignmentDto'.","epi-assignments","True"
"src/forensic-trail/forensic-trail.service.spec.ts","18","TS2322","CAT-6","🟢 Teste","Type 'Mock<ForensicTrailEvent, [input: Partial<ForensicTrailEvent>], any>' is not assignable to type '{ (): ForensicTrailEvent; (entityLikeArray: DeepPartial<ForensicTrailEvent>[]): ForensicTrailEvent[]; (entityLike: DeepPartial<...>): ForensicTrailEvent; }'.","forensic-trail","True"
"src/forensic-trail/forensic-trail.service.spec.ts","21","TS2322","CAT-6","🟢 Teste","Type 'Mock<Promise<ForensicTrailEvent>, [input: ForensicTrailEvent], any>' is not assignable to type '{ <T extends DeepPartial<ForensicTrailEvent>>(entities: T[], options: SaveOptions & { reload: false; }): Promise<T[]>; <T extends DeepPartial<ForensicTrailEvent>>(entities: T[], options?: SaveOptions | undefined): Promise<...>; <T extends DeepPartial<...>>(entity: T, options: SaveOptions & { ...; }): Promise<...>; <...'.","forensic-trail","True"
"src/forensic-trail/forensic-trail.service.spec.ts","22","TS2783","CAT-6","🟢 Teste","'id' is specified more than once, so this usage will be overwritten.","forensic-trail","True"
"src/forensic-trail/forensic-trail.service.spec.ts","27","TS2322","CAT-6","🟢 Teste","Type 'Mock<Pick<Repository<ForensicTrailEvent>, ""manager"" | ""create"" | ""findOne"" | ""save"">, [], any>' is not assignable to type '<Entity extends ObjectLiteral>(target: EntityTarget<Entity>) => Repository<Entity>'.","forensic-trail","True"
"src/forensic-trail/forensic-trail.service.spec.ts","28","TS2322","CAT-6","🟢 Teste","Type 'Mock<Promise<void>, [], any>' is not assignable to type '<T = any>(query: string, parameters?: any[] | undefined) => Promise<T>'.","forensic-trail","True"
"src/forensic-trail/forensic-trail.service.spec.ts","32","TS2322","CAT-6","🟢 Teste","Type 'Mock<Promise<unknown>, [callback: (tx: EntityManager) => Promise<unknown>], any>' is not assignable to type '{ <T>(runInTransaction: (entityManager: EntityManager) => Promise<T>): Promise<T>; <T>(isolationLevel: IsolationLevel, runInTransaction: (entityManager: EntityManager) => Promise<...>): Promise<...>; }'.","forensic-trail","True"
"src/inspections/inspections.service.spec.ts","72","TS2322","CAT-6","🟢 Teste","Type 'Mock<Promise<{ hash: string; registryEntry: { id: string; }; }>, [], any>' is not assignable to type '(input: RegisterFinalDocumentInput) => Promise<{ hash: string; registryEntry: DocumentRegistryEntry; }>'.","inspections","True"
"src/inspections/inspections.service.spec.ts","96","TS2345","CAT-6","🟢 Teste","Argument of type 'Repository<never>' is not assignable to parameter of type 'Repository<Site>'.","inspections","True"
"src/inspections/inspections.service.spec.ts","99","TS2352","CAT-6","🟢 Teste","Conversion of type '{ getTenantId: jest.Mock<string, [], any>; }' to type 'TenantService' may be a mistake because neither type sufficiently overlaps with the other. If this was intentional, convert the expression to 'unknown' first.","inspections","True"
"src/inspections/inspections.service.spec.ts","253","TS18047","CAT-6","🟢 Teste","'result.evidencias' is possibly 'null'.","inspections","True"
"src/inspections/inspections.service.spec.ts","312","TS18047","CAT-6","🟢 Teste","'result.evidencias' is possibly 'null'.","inspections","True"
"src/inspections/inspections.service.spec.ts","502","TS2352","CAT-6","🟢 Teste","Conversion of type '{ id: string; company_id: string; evidencias: never[]; }' to type 'Inspection' may be a mistake because neither type sufficiently overlaps with the other. If this was intentional, convert the expression to 'unknown' first.","inspections","True"
"src/mail/mail.service.spec.ts","27","TS2743","CAT-6","🟢 Teste","No overload expects 1 type arguments, but overloads do exist that expect either 0 or 2 type arguments.","mail","True"
"src/mail/mail.service.spec.ts","86","TS2783","CAT-6","🟢 Teste","'id' is specified more than once, so this usage will be overwritten.","mail","True"
"src/mail/mail.service.spec.ts","883","TS2352","CAT-6","🟢 Teste","Conversion of type '{ id: string; numero: string; pdf_file_key: null; }' to type 'Pt' may be a mistake because neither type sufficiently overlaps with the other. If this was intentional, convert the expression to 'unknown' first.","mail","True"
"src/mail/mail.service.spec.ts","1171","TS2345","CAT-6","🟢 Teste","Argument of type 'null' is not assignable to parameter of type '{ key: string; token: string; } | Promise<{ key: string; token: string; }>'.","mail","True"
"src/mail/mail.service.spec.ts","1191","TS2345","CAT-6","🟢 Teste","Argument of type '(key: string) => ""2"" | ""10"" | ""test@example.com"" | ""re_123456"" | ""ops@example.com"" | null' is not assignable to parameter of type '(key: string) => ""test@example.com"" | ""re_123456"" | null'.","mail","True"
"src/nonconformities/nonconformities.service.spec.ts","76","TS2352","CAT-6","🟢 Teste","Conversion of type '{ getTenantId: jest.Mock<string, [], any>; }' to type 'TenantService' may be a mistake because neither type sufficiently overlaps with the other. If this was intentional, convert the expression to 'unknown' first.","nonconformities","True"
"src/nonconformities/nonconformities.service.spec.ts","104","TS2722","CAT-6","🟢 Teste","Cannot invoke an object which is possibly 'undefined'.","nonconformities","True"
"src/nonconformities/nonconformities.service.spec.ts","104","TS2345","CAT-6","🟢 Teste","Argument of type '{ getRepository: jest.Mock<{ update: jest.Mock<any, any, any>; }, [], any>; }' is not assignable to parameter of type 'EntityManager'.","nonconformities","True"
"src/nonconformities/nonconformities.service.spec.ts","151","TS2722","CAT-6","🟢 Teste","Cannot invoke an object which is possibly 'undefined'.","nonconformities","True"
"src/nonconformities/nonconformities.service.spec.ts","151","TS2345","CAT-6","🟢 Teste","Argument of type '{ getRepository: jest.Mock<{ softDelete: jest.Mock<any, any, any>; }, [], any>; }' is not assignable to parameter of type 'EntityManager'.","nonconformities","True"
"src/nonconformities/nonconformities.service.spec.ts","385","TS2352","CAT-6","🟢 Teste","Conversion of type '{ id: string; company_id: string; codigo_nc: string; anexos: never[]; pdf_file_key: null; }' to type 'NonConformity' may be a mistake because neither type sufficiently overlaps with the other. If this was intentional, convert the expression to 'unknown' first.","nonconformities","True"
"src/nonconformities/nonconformities.service.spec.ts","404","TS2352","CAT-6","🟢 Teste","Conversion of type '{ id: string; company_id: string; anexos: string[]; pdf_file_key: null; }' to type 'NonConformity' may be a mistake because neither type sufficiently overlaps with the other. If this was intentional, convert the expression to 'unknown' first.","nonconformities","True"
"src/notifications/notifications.service.spec.ts","43","TS2345","CAT-6","🟢 Teste","Argument of type '{ userId: string; type: string; title: string; message: string; }' is not assignable to parameter of type '{ companyId: string; userId: string; type: string; title: string; message: string; data?: Record<string, unknown> | undefined; }'.","notifications","True"
"src/pts/pts.service.spec.ts","453","TS2352","CAT-6","🟢 Teste","Conversion of type '{ id: string; company_id: string; status: PtStatus; pdf_file_key: null; }' to type 'Pt' may be a mistake because neither type sufficiently overlaps with the other. If this was intentional, convert the expression to 'unknown' first.","pts","True"
"src/pts/pts.service.spec.ts","712","TS2352","CAT-6","🟢 Teste","Conversion of type '{ id: string; company_id: string; status: PtStatus; pdf_file_key: null; }' to type 'Pt' may be a mistake because neither type sufficiently overlaps with the other. If this was intentional, convert the expression to 'unknown' first.","pts","True"
"src/pts/pts.service.spec.ts","838","TS2339","CAT-6","🟢 Teste","Property 'code' does not exist on type 'object'.","pts","True"
"src/pts/pts.service.spec.ts","839","TS2339","CAT-6","🟢 Teste","Property 'reasons' does not exist on type 'object'.","pts","True"
"src/pts/pts.service.spec.ts","844","TS2339","CAT-6","🟢 Teste","Property 'reasons' does not exist on type 'object'.","pts","True"
"src/push/push.service.spec.ts","33","TS2322","CAT-6","🟢 Teste","Type 'Mock<Promise<unknown>, [_name: string, fn: () => Promise<unknown>], any>' is not assignable to type '<T>(integrationName: string, fn: () => Promise<T>, opts?: IntegrationResilienceOptions | undefined) => Promise<T>'.","push","True"
"src/push/push.service.spec.ts","57","TS2345","CAT-6","🟢 Teste","Argument of type 'undefined' is not assignable to parameter of type 'SendResult | Promise<SendResult>'.","push","True"
"src/queue/redis-disabled-queue.spec.ts","20","TS2554","CAT-6","🟢 Teste","Expected 0 arguments, but got 1.","queue","True"
"src/rdos/rdos.service.spec.ts","204","TS2322","CAT-6","🟢 Teste","Type 'Mock<{ companyId: string; siteId: null; siteScope: ""all""; isSuperAdmin: false; }, [], any>' is not assignable to type '() => TenantContext | undefined'.","rdos","True"
"src/reports/reports.service.spec.ts","17","TS2352","CAT-6","🟢 Teste","Conversion of type '{ getTenantId: jest.Mock<any, any, any>; }' to type 'TenantService' may be a mistake because neither type sufficiently overlaps with the other. If this was intentional, convert the expression to 'unknown' first.","reports","True"
"src/reports/reports.service.spec.ts","18","TS2352","CAT-6","🟢 Teste","Conversion of type '{ findOne: jest.Mock<any, any, any>; }' to type 'CompaniesService' may be a mistake because neither type sufficiently overlaps with the other. If this was intentional, convert the expression to 'unknown' first.","reports","True"
"src/service-orders/service-orders.service.spec.ts","44","TS2352","CAT-6","🟢 Teste","Conversion of type '{ getTenantId: jest.Mock<string, [], any>; }' to type 'TenantService' may be a mistake because neither type sufficiently overlaps with the other. If this was intentional, convert the expression to 'unknown' first.","service-orders","True"
"src/signatures/signatures.service.spec.ts","122","TS2345","CAT-6","🟢 Teste","Argument of type 'Partial<Apr>' is not assignable to parameter of type 'Promise<null>'.","signatures","True"
"src/signatures/signatures.service.spec.ts","122","TS2352","CAT-6","🟢 Teste","Conversion of type '{ id: string; company_id: string; numero: string; versao: number; status: AprStatus.PENDENTE; pdf_file_key: null; updated_at: Date; }' to type 'Partial<Apr>' may be a mistake because neither type sufficiently overlaps with the other. If this was intentional, convert the expression to 'unknown' first.","signatures","True"
"src/signatures/signatures.service.spec.ts","132","TS2353","CAT-6","🟢 Teste","Object literal may only specify known properties, and 'id' does not exist in type 'Promise<null>'.","signatures","True"
"src/signatures/signatures.service.spec.ts","140","TS2353","CAT-6","🟢 Teste","Object literal may only specify known properties, and 'id' does not exist in type 'Promise<null>'.","signatures","True"
"src/signatures/signatures.service.spec.ts","156","TS2352","CAT-6","🟢 Teste","Conversion of type '{ getTenantId: jest.Mock<string, [], any>; }' to type 'TenantService' may be a mistake because neither type sufficiently overlaps with the other. If this was intentional, convert the expression to 'unknown' first.","signatures","True"
"src/signatures/signatures.service.spec.ts","172","TS2322","CAT-6","🟢 Teste","Type '{ user_id: string; signer_user_id: string; type: string; signature_data: string; pin: string; }' is not assignable to type 'SignatureWriteInput'.","signatures","True"
"src/signatures/signatures.service.spec.ts","268","TS2345","CAT-6","🟢 Teste","Argument of type '{ document_id: string; document_type: string; signature_data: string; type: string; }' is not assignable to parameter of type 'CreateSignatureDto'.","signatures","True"
"src/signatures/signatures.service.spec.ts","301","TS2345","CAT-6","🟢 Teste","Argument of type '{ document_id: string; document_type: string; signature_data: string; type: string; signature_hash: string; timestamp_token: string; timestamp_authority: string; }' is not assignable to parameter of type 'CreateSignatureDto'.","signatures","True"
"src/signatures/signatures.service.spec.ts","357","TS2345","CAT-6","🟢 Teste","Argument of type 'Partial<Apr>' is not assignable to parameter of type 'Promise<null>'.","signatures","True"
"src/signatures/signatures.service.spec.ts","357","TS2352","CAT-6","🟢 Teste","Conversion of type '{ id: string; company_id: string; status: AprStatus.APROVADA; pdf_file_key: null; }' to type 'Partial<Apr>' may be a mistake because neither type sufficiently overlaps with the other. If this was intentional, convert the expression to 'unknown' first.","signatures","True"
"src/signatures/signatures.service.spec.ts","366","TS2345","CAT-6","🟢 Teste","Argument of type '{ document_id: string; document_type: string; signature_data: string; type: string; }' is not assignable to parameter of type 'CreateSignatureDto'.","signatures","True"
"src/signatures/signatures.service.spec.ts","389","TS2345","CAT-6","🟢 Teste","Argument of type 'Partial<Apr>' is not assignable to parameter of type 'Promise<null>'.","signatures","True"
"src/signatures/signatures.service.spec.ts","407","TS2353","CAT-6","🟢 Teste","Object literal may only specify known properties, and 'id' does not exist in type 'Promise<null>'.","signatures","True"
"src/signatures/signatures.service.spec.ts","416","TS2345","CAT-6","🟢 Teste","Argument of type '{ document_id: string; document_type: string; signature_data: string; type: string; }' is not assignable to parameter of type 'CreateSignatureDto'.","signatures","True"
"src/smoke/document-flows.smoke-spec.ts","76","TS2554","CAT-6","🟢 Teste","Expected 3 arguments, but got 2.","smoke","True"
"src/users/users.service.spec.ts","91","TS2554","CAT-6","🟢 Teste","Expected 7-8 arguments, but got 6.","users","True"
"src/users/users.service.spec.ts","184","TS2554","CAT-6","🟢 Teste","Expected 7-8 arguments, but got 6.","users","True"
"src/users/users.service.spec.ts","324","TS2554","CAT-6","🟢 Teste","Expected 7-8 arguments, but got 6.","users","True"
"src/users/users.service.spec.ts","438","TS2554","CAT-6","🟢 Teste","Expected 7-8 arguments, but got 6.","users","True"
"../frontend/lib/pdf-system/blueprints/aprBlueprint.ts","1","TS2307","CAT-5","🔴 Crítico","Cannot find module '@/services/aprsService' or its corresponding type declarations.","frontend","False"
"../frontend/lib/pdf-system/blueprints/aprBlueprint.ts","2","TS2307","CAT-5","🔴 Crítico","Cannot find module '@/services/signaturesService' or its corresponding type declarations.","frontend","False"
"../frontend/lib/pdf-system/blueprints/aprBlueprint.ts","44","TS7006","CAT-1","🟡 Melhoria","Parameter 'item' implicitly has an 'any' type.","frontend","False"
"../frontend/lib/pdf-system/blueprints/aprBlueprint.ts","163","TS7006","CAT-1","🟡 Melhoria","Parameter 'participant' implicitly has an 'any' type.","frontend","False"
"../frontend/lib/pdf-system/blueprints/arrBlueprint.ts","1","TS2307","CAT-5","🔴 Crítico","Cannot find module '@/services/arrsService' or its corresponding type declarations.","frontend","False"
"../frontend/lib/pdf-system/blueprints/arrBlueprint.ts","137","TS7006","CAT-1","🟡 Melhoria","Parameter 'participant' implicitly has an 'any' type.","frontend","False"
"../frontend/lib/pdf-system/blueprints/auditBlueprint.ts","1","TS2307","CAT-5","🔴 Crítico","Cannot find module '@/services/auditsService' or its corresponding type declarations.","frontend","False"
"../frontend/lib/pdf-system/blueprints/auditBlueprint.ts","61","TS7006","CAT-1","🟡 Melhoria","Parameter 'item' implicitly has an 'any' type.","frontend","False"
"../frontend/lib/pdf-system/blueprints/auditBlueprint.ts","61","TS7006","CAT-1","🟡 Melhoria","Parameter 'index' implicitly has an 'any' type.","frontend","False"
"../frontend/lib/pdf-system/blueprints/auditBlueprint.ts","73","TS7006","CAT-1","🟡 Melhoria","Parameter 'item' implicitly has an 'any' type.","frontend","False"
"../frontend/lib/pdf-system/blueprints/catBlueprint.ts","1","TS2307","CAT-5","🔴 Crítico","Cannot find module '@/services/catsService' or its corresponding type declarations.","frontend","False"
"../frontend/lib/pdf-system/blueprints/catBlueprint.ts","170","TS7006","CAT-1","🟡 Melhoria","Parameter 'item' implicitly has an 'any' type.","frontend","False"
"../frontend/lib/pdf-system/blueprints/checklistBlueprint.ts","1","TS2307","CAT-5","🔴 Crítico","Cannot find module '@/services/checklistsService' or its corresponding type declarations.","frontend","False"
"../frontend/lib/pdf-system/blueprints/checklistBlueprint.ts","2","TS2307","CAT-5","🔴 Crítico","Cannot find module '@/services/signaturesService' or its corresponding type declarations.","frontend","False"
"../frontend/lib/pdf-system/blueprints/checklistBlueprint.ts","29","TS7006","CAT-1","🟡 Melhoria","Parameter 'topico' implicitly has an 'any' type.","frontend","False"
"../frontend/lib/pdf-system/blueprints/checklistBlueprint.ts","38","TS7006","CAT-1","🟡 Melhoria","Parameter 'item' implicitly has an 'any' type.","frontend","False"
"../frontend/lib/pdf-system/blueprints/checklistBlueprint.ts","76","TS7006","CAT-1","🟡 Melhoria","Parameter 'group' implicitly has an 'any' type.","frontend","False"
"../frontend/lib/pdf-system/blueprints/checklistBlueprint.ts","78","TS7006","CAT-1","🟡 Melhoria","Parameter 'item' implicitly has an 'any' type.","frontend","False"
"../frontend/lib/pdf-system/blueprints/checklistBlueprint.ts","79","TS7006","CAT-1","🟡 Melhoria","Parameter 'item' implicitly has an 'any' type.","frontend","False"
"../frontend/lib/pdf-system/blueprints/checklistBlueprint.ts","124","TS7006","CAT-1","🟡 Melhoria","Parameter 'group' implicitly has an 'any' type.","frontend","False"
"../frontend/lib/pdf-system/blueprints/checklistBlueprint.ts","124","TS7006","CAT-1","🟡 Melhoria","Parameter 'groupIndex' implicitly has an 'any' type.","frontend","False"
"../frontend/lib/pdf-system/blueprints/checklistBlueprint.ts","130","TS7006","CAT-1","🟡 Melhoria","Parameter 'item' implicitly has an 'any' type.","frontend","False"
"../frontend/lib/pdf-system/blueprints/checklistBlueprint.ts","133","TS7006","CAT-1","🟡 Melhoria","Parameter 'item' implicitly has an 'any' type.","frontend","False"
"../frontend/lib/pdf-system/blueprints/checklistBlueprint.ts","142","TS7006","CAT-1","🟡 Melhoria","Parameter 'item' implicitly has an 'any' type.","frontend","False"
"../frontend/lib/pdf-system/blueprints/checklistBlueprint.ts","142","TS7006","CAT-1","🟡 Melhoria","Parameter 'index' implicitly has an 'any' type.","frontend","False"
"../frontend/lib/pdf-system/blueprints/checklistBlueprint.ts","147","TS7006","CAT-1","🟡 Melhoria","Parameter 'subitem' implicitly has an 'any' type.","frontend","False"
"../frontend/lib/pdf-system/blueprints/checklistBlueprint.ts","147","TS7006","CAT-1","🟡 Melhoria","Parameter 'subitemIndex' implicitly has an 'any' type.","frontend","False"
"../frontend/lib/pdf-system/blueprints/ddsBlueprint.ts","1","TS2307","CAT-5","🔴 Crítico","Cannot find module '@/services/ddsService' or its corresponding type declarations.","frontend","False"
"../frontend/lib/pdf-system/blueprints/ddsBlueprint.ts","2","TS2307","CAT-5","🔴 Crítico","Cannot find module '@/services/ddsService' or its corresponding type declarations.","frontend","False"
"../frontend/lib/pdf-system/blueprints/ddsBlueprint.ts","3","TS2307","CAT-5","🔴 Crítico","Cannot find module '@/services/signaturesService' or its corresponding type declarations.","frontend","False"
"../frontend/lib/pdf-system/blueprints/ddsBlueprint.ts","182","TS7006","CAT-1","🟡 Melhoria","Parameter 'participant' implicitly has an 'any' type.","frontend","False"
"../frontend/lib/pdf-system/blueprints/didBlueprint.ts","1","TS2307","CAT-5","🔴 Crítico","Cannot find module '@/services/didsService' or its corresponding type declarations.","frontend","False"
"../frontend/lib/pdf-system/blueprints/didBlueprint.ts","5","TS2307","CAT-5","🔴 Crítico","Cannot find module '@/app/dashboard/dids/didMeta' or its corresponding type declarations.","frontend","False"
"../frontend/lib/pdf-system/blueprints/didBlueprint.ts","128","TS7006","CAT-1","🟡 Melhoria","Parameter 'participant' implicitly has an 'any' type.","frontend","False"
"../frontend/lib/pdf-system/blueprints/dossierBlueprint.ts","5","TS2307","CAT-5","🔴 Crítico","Cannot find module '@/services/dossiersService' or its corresponding type declarations.","frontend","False"
"../frontend/lib/pdf-system/blueprints/dossierBlueprint.ts","127","TS7006","CAT-1","🟡 Melhoria","Parameter 'item' implicitly has an 'any' type.","frontend","False"
"../frontend/lib/pdf-system/blueprints/dossierBlueprint.ts","145","TS7006","CAT-1","🟡 Melhoria","Parameter 'item' implicitly has an 'any' type.","frontend","False"
"../frontend/lib/pdf-system/blueprints/dossierBlueprint.ts","164","TS7006","CAT-1","🟡 Melhoria","Parameter 'item' implicitly has an 'any' type.","frontend","False"
"../frontend/lib/pdf-system/blueprints/dossierBlueprint.ts","182","TS7006","CAT-1","🟡 Melhoria","Parameter 'item' implicitly has an 'any' type.","frontend","False"
"../frontend/lib/pdf-system/blueprints/dossierBlueprint.ts","231","TS7006","CAT-1","🟡 Melhoria","Parameter 'item' implicitly has an 'any' type.","frontend","False"
"../frontend/lib/pdf-system/blueprints/dossierBlueprint.ts","248","TS7006","CAT-1","🟡 Melhoria","Parameter 'item' implicitly has an 'any' type.","frontend","False"
"../frontend/lib/pdf-system/blueprints/dossierBlueprint.ts","266","TS7006","CAT-1","🟡 Melhoria","Parameter 'item' implicitly has an 'any' type.","frontend","False"
"../frontend/lib/pdf-system/blueprints/dossierBlueprint.ts","285","TS7006","CAT-1","🟡 Melhoria","Parameter 'item' implicitly has an 'any' type.","frontend","False"
"../frontend/lib/pdf-system/blueprints/dossierBlueprint.ts","292","TS7006","CAT-1","🟡 Melhoria","Parameter 'item' implicitly has an 'any' type.","frontend","False"
"../frontend/lib/pdf-system/blueprints/dossierBlueprint.ts","337","TS7006","CAT-1","🟡 Melhoria","Parameter 'item' implicitly has an 'any' type.","frontend","False"
"../frontend/lib/pdf-system/blueprints/dossierBlueprint.ts","364","TS7006","CAT-1","🟡 Melhoria","Parameter 'item' implicitly has an 'any' type.","frontend","False"
"../frontend/lib/pdf-system/blueprints/dossierBlueprint.ts","387","TS7006","CAT-1","🟡 Melhoria","Parameter 'item' implicitly has an 'any' type.","frontend","False"
"../frontend/lib/pdf-system/blueprints/ncBlueprint.ts","1","TS2307","CAT-5","🔴 Crítico","Cannot find module '@/services/nonConformitiesService' or its corresponding type declarations.","frontend","False"
"../frontend/lib/pdf-system/blueprints/photographicReportBlueprint.ts","1","TS2307","CAT-5","🔴 Crítico","Cannot find module '@/services/inspectionsService' or its corresponding type declarations.","frontend","False"
"../frontend/lib/pdf-system/blueprints/photographicReportBlueprint.ts","71","TS7006","CAT-1","🟡 Melhoria","Parameter 'item' implicitly has an 'any' type.","frontend","False"
"../frontend/lib/pdf-system/blueprints/photographicReportBlueprint.ts","82","TS7006","CAT-1","🟡 Melhoria","Parameter 'item' implicitly has an 'any' type.","frontend","False"
"../frontend/lib/pdf-system/blueprints/photographicReportBlueprint.ts","92","TS7006","CAT-1","🟡 Melhoria","Parameter 'item' implicitly has an 'any' type.","frontend","False"
"../frontend/lib/pdf-system/blueprints/photographicReportBlueprint.ts","92","TS7006","CAT-1","🟡 Melhoria","Parameter 'index' implicitly has an 'any' type.","frontend","False"
"../frontend/lib/pdf-system/blueprints/ptBlueprint.ts","1","TS2307","CAT-5","🔴 Crítico","Cannot find module '@/services/ptsService' or its corresponding type declarations.","frontend","False"
"../frontend/lib/pdf-system/blueprints/ptBlueprint.ts","2","TS2307","CAT-5","🔴 Crítico","Cannot find module '@/services/signaturesService' or its corresponding type declarations.","frontend","False"
"../frontend/lib/pdf-system/blueprints/ptBlueprint.ts","171","TS7006","CAT-1","🟡 Melhoria","Parameter 'executor' implicitly has an 'any' type.","frontend","False"
"../frontend/lib/pdf-system/blueprints/rdoBlueprint.ts","1","TS2307","CAT-5","🔴 Crítico","Cannot find module '@/services/rdosService' or its corresponding type declarations.","frontend","False"
"../frontend/lib/pdf-system/blueprints/rdoBlueprint.ts","83","TS7006","CAT-1","🟡 Melhoria","Parameter 'sum' implicitly has an 'any' type.","frontend","False"
"../frontend/lib/pdf-system/blueprints/rdoBlueprint.ts","83","TS7006","CAT-1","🟡 Melhoria","Parameter 'item' implicitly has an 'any' type.","frontend","False"
"../frontend/lib/pdf-system/blueprints/rdoBlueprint.ts","83","TS7006","CAT-1","🟡 Melhoria","Parameter 'sum' implicitly has an 'any' type.","frontend","False"
"../frontend/lib/pdf-system/blueprints/rdoBlueprint.ts","83","TS7006","CAT-1","🟡 Melhoria","Parameter 'item' implicitly has an 'any' type.","frontend","False"
"../frontend/lib/pdf-system/blueprints/rdoBlueprint.ts","108","TS7006","CAT-1","🟡 Melhoria","Parameter 'sum' implicitly has an 'any' type.","frontend","False"
"../frontend/lib/pdf-system/blueprints/rdoBlueprint.ts","108","TS7006","CAT-1","🟡 Melhoria","Parameter 'item' implicitly has an 'any' type.","frontend","False"
"../frontend/lib/pdf-system/blueprints/rdoBlueprint.ts","115","TS7006","CAT-1","🟡 Melhoria","Parameter 'sum' implicitly has an 'any' type.","frontend","False"
"../frontend/lib/pdf-system/blueprints/rdoBlueprint.ts","115","TS7006","CAT-1","🟡 Melhoria","Parameter 'item' implicitly has an 'any' type.","frontend","False"
"../frontend/lib/pdf-system/blueprints/rdoBlueprint.ts","198","TS7006","CAT-1","🟡 Melhoria","Parameter 'item' implicitly has an 'any' type.","frontend","False"
"../frontend/lib/pdf-system/blueprints/rdoBlueprint.ts","222","TS7006","CAT-1","🟡 Melhoria","Parameter 'item' implicitly has an 'any' type.","frontend","False"
"../frontend/lib/pdf-system/blueprints/rdoBlueprint.ts","248","TS7006","CAT-1","🟡 Melhoria","Parameter 'item' implicitly has an 'any' type.","frontend","False"
"../frontend/lib/pdf-system/blueprints/rdoBlueprint.ts","272","TS7006","CAT-1","🟡 Melhoria","Parameter 'item' implicitly has an 'any' type.","frontend","False"
"../frontend/lib/pdf-system/blueprints/rdoBlueprint.ts","296","TS7006","CAT-1","🟡 Melhoria","Parameter 'item' implicitly has an 'any' type.","frontend","False"
"../frontend/lib/pdf-system/blueprints/trainingBlueprint.ts","1","TS2307","CAT-5","🔴 Crítico","Cannot find module '@/services/trainingsService' or its corresponding type declarations.","frontend","False"
"../frontend/lib/pdf-system/blueprints/trainingBlueprint.ts","2","TS2307","CAT-5","🔴 Crítico","Cannot find module '@/services/signaturesService' or its corresponding type declarations.","frontend","False"
"../frontend/lib/pdf/monthlyReportGenerator.ts","14","TS2307","CAT-5","🔴 Crítico","Cannot find module '@/lib/pdf-system' or its corresponding type declarations.","frontend","False"
"../frontend/lib/pdf/monthlyReportGenerator.ts","16","TS2307","CAT-5","🔴 Crítico","Cannot find module '@/lib/date/safeFormat' or its corresponding type declarations.","frontend","False"
